OBJECTID,LABEL,CATEGORY,ZONE_LABEL,DESCRIPTION,BLURB1,LINKTEXT1,HREF1,BLURB2,LINKTEXT2,HREF2,Shape__Area,Shape__Length
1,PD #9,R-1 Low Density Residential,PD #9,PD Planned Development District #9 Canalside Business Park,PD #9 Zoning Code is,available online,https://ecode360.com/33553660, , , ,179957.364036145,4281.43362092219
2,R-1,R-1 Low Density Residential,R-1,R-1 Low Density Residential,R-1 Zoning Code is,available online,http://ecode360.com/8679530, , , ,39064.19308095,804.408857863164
3,O-S,Open Space,O-S,Open Space District,O-S Zoning Code is,available online,http://ecode360.com/8681579, , , ,15969.78592326,600.143261381519
4,PD #7,Planned Development District,PD #7,PD Planned Development District #7 Rochester Science Park,PD #7 Zoning Code is,available online,https://ecode360.com/33553461, , , ,417027.460728375,3373.0297527564
5,O-S,Open Space,O-S,Open Space District,O-S Zoning Code is,available online,http://ecode360.com/8681579, , , ,40099.148788305,844.454022790365
6,C-V,Village Center,C-V,C-V Collegetown Village,C-V Zoning Code is,available online,http://ecode360.com/12772440, , , ,197592.15096348,2508.31558712774
7,PD #8,Planned Development District,PD #8,PD Planned Development District #8 Midtown Athletic Club,PD #8 Zoning Code is,available online,https://ecode360.com/33553560, , , ,109271.427049315,1948.94041932334
8,R-3,R-3 High-Density Residential,R-3,R-3 High Density Residential,R-3 Zoning Code is,available online,http://ecode360.com/8679692, , , ,73099.567292935,1167.64509333968
9,O-S,Open Space,O-S,Open Space District,O-S Zoning Code is,available online,http://ecode360.com/8681579, , , ,17997.03018514,909.782377758316
10,M-1,Industrial,M-1,M-1 Industrial District,M-1 Zoning Code is,available online,http://ecode360.com/8681474, , , ,33102.203604505,796.903833938614
11,IPD #9,Planned Development District,IPD #9,Institutional Planned Development #9 Al Sigl Center,IPD Zoning Code is not available online.  Please contact the,Bureau of Planning and Zoning,http://www.cityofrochester.gov/planningandzoning/, , , ,181123.672741875,2213.11640609472
12,O-S,Open Space,O-S,Open Space District,O-S Zoning Code is,available online,http://ecode360.com/8681579, , , ,34207.62202013,792.521383854263
13,O-S,Open Space,O-S,Open Space District,O-S Zoning Code is,available online,http://ecode360.com/8681579, , , ,5849.14735546,277.662871025826
14,O-S,Open Space,O-S,Open Space District,O-S Zoning Code is,available online,http://ecode360.com/8681579, , , ,27004.30404778,714.466994238161
15,O-S,Open Space,O-S,Open Space District,O-S Zoning Code is,available online,http://ecode360.com/8681579, , , ,57957.471900095,1167.50513888541
16,C-1,C-1 Neighborhood Center,C-1,C-1 Neighborhood Center,C-1 Zoning Code is,available online,http://ecode360.com/8679793, , , ,11512.93109714,483.339545319213
17,O-S,Open Space,O-S,Open Space District,O-S Zoning Code is,available online,http://ecode360.com/8681579, , , ,39484.379677285,904.668108868836
18,CCD-T,CCD Center City District,CCD-T,CCD-T Center City Tower District,CCD-T Zoning Code is,available online,http://ecode360.com/8680942, , , ,277262.81563004,2871.54691356673
19,R-3,R-3 High-Density Residential,R-3,R-3 High Density Residential,R-3 Zoning Code is,available online,http://ecode360.com/8679692, , , ,176022.01141911,2338.78580319521
20,O-S,Open Space,O-S,Open Space District,O-S Zoning Code is,available online,http://ecode360.com/8681579, , , ,35492.7404299,845.1326476721
21,PD #14,Planned Development District,PD #14,PD Planned Development District #14 George Eastman House,PD #14 Zoning Code is,available online,https://ecode360.com/33554266, , , ,124755.660267525,1596.07701374424
22,O-S,Open Space,O-S,Open Space District,O-S Zoning Code is,available online,http://ecode360.com/8681579, , , ,6771.10952325,483.028506782642
23,R-3,R-3 High-Density Residential,R-3,R-3 High Density Residential,R-3 Zoning Code is,available online,http://ecode360.com/8679692, , , ,1291975.31824187,13099.8456787577
24,MIPD #3,Planned Development District,MIPD #3,Manufacturing-Industrial Planned Development #3,IPD Zoning Code is not available online.  Please contact the,Bureau of Planning and Zoning,http://www.cityofrochester.gov/planningandzoning/, , , ,170744.911220825,1707.80492141725
25,Washington Square URD/CCD-T,URD Urban Renewal District,Washington Square URD/CCD-T,Washington Square Urban Renewal District/CCD-T Center City Tower District,Washington Square URD Zoning Code is,available online,http://ecode360.com/8681722,CCD-T Zoning Code is,available online,http://ecode360.com/8680942,35372.43519401,897.795177867505
26,CCD-E,CCD Center City District,CCD-E,CCD-E Center City East End District,CCD-E Zoning Code is,available online,http://ecode360.com/8680786, , , ,495768.04320719,3720.23283189959
27,CCD-T,CCD Center City District,CCD-T,CCD-T Center City Tower District,CCD-T Zoning Code is,available online,http://ecode360.com/8680942, , , ,27272.89087828,684.141507624083
28,M-1,Industrial,M-1,M-1 Industrial District,M-1 Zoning Code is,available online,http://ecode360.com/8681474, , , ,2410910.02812841,12526.8534290124
29,CCD-M,CCD Center City District,CCD-M,CCD-M Center City Main Street District,CCD-M Zoning Code is,available online,http://ecode360.com/8680426, , , ,423858.669666515,5957.2770559333
30,Midtown URD/CCD-T,URD Urban Renewal District,Midtown URD/CCD-T,Midtown Urban Renewal District/CCD-T Center City Tower District,Midtown URD Zoning Code is,available online,http://ecode360.com/8681722,CCD-T Zoning Code is,available online,http://ecode360.com/8680942,73360.883646215,1179.16032162021
31,R-2,R-2 Medium Density Residential,R-2,R-2 Medium Density Residential,R-2 Zoning Code is,available online,http://ecode360.com/8679602, , , ,169760.186036285,2322.66843407808
32,O-S,Open Space,O-S,Open Space District,O-S Zoning Code is,available online,http://ecode360.com/8681579, , , ,22351.53607495,735.994125095218
33,O-S,Open Space,O-S,Open Space District,O-S Zoning Code is,available online,http://ecode360.com/8681579, , , ,18530.293396365,609.143332642314
34,St Joseph's URD,URD Urban Renewal District,St Joseph's URD,St. Joseph's Area Urban Renewal District,St Joseph's URD Zoning Code is,available online,http://ecode360.com/8681722, , , ,17934.372602925,538.88915456552
35,C-2,C-2 Community Center,C-2,C-2 Community Center,C-2 Zoning Code is,available online,http://ecode360.com/8679863, , , ,488715.74244805,6672.36189380739
36,R-2,R-2 Medium Density Residential,R-2,R-2 Medium Density Residential,R-2 Zoning Code is,available online,http://ecode360.com/8679602, , , ,274686.63502617,3638.0310394878
37,R-2,R-2 Medium Density Residential,R-2,R-2 Medium Density Residential,R-2 Zoning Code is,available online,http://ecode360.com/8679602, , , ,2008177.66110531,18247.1048228879
38,C-2,C-2 Community Center,C-2,C-2 Community Center,C-2 Zoning Code is,available online,http://ecode360.com/8679863, , , ,117414.598059885,2639.70235776919
39,C-1,C-1 Neighborhood Center,C-1,C-1 Neighborhood Center,C-1 Zoning Code is,available online,http://ecode360.com/8679793, , , ,10506.482511595,508.06885231559
40,CCD-B,CCD Center City District,CCD-B,CCD-B Center City Base District,CCD-B Zoning Code is,available online,http://ecode360.com/8680106, , , ,796043.77618457,5572.43851064586
41,IPD Cornell Coop,Planned Development District,IPD Cornell Coop,Institutional Planned Development Cornell Cooperative,IPD Zoning Code is not available online.  Please contact the,Bureau of Planning and Zoning,http://www.cityofrochester.gov/planningandzoning/, , , ,23219.61521509,625.550723067396
42,O-S,Open Space,O-S,Open Space District,O-S Zoning Code is,available online,http://ecode360.com/8681579, , , ,74251.865034965,1530.4191762143
43,C-2,C-2 Community Center,C-2,C-2 Community Center,C-2 Zoning Code is,available online,http://ecode360.com/8679863, , , ,23299.37342756,752.377785311976
44,C-3,C-3 Regional Destination Center,C-3,C-3 Regional Destination Center,C-3 Zoning Code is,available online,http://ecode360.com/8679969, , , ,19929.370299325,702.636163188879
45,IPD #14,Planned Development District,IPD #14,Institutional Planned Development #14 St John's Home,IPD Zoning Code is not available online.  Please contact the,Bureau of Planning and Zoning,http://www.cityofrochester.gov/planningandzoning/, , , ,74122.31528492,1281.96754430714
46,O-S,Open Space,O-S,Open Space District,O-S Zoning Code is,available online,http://ecode360.com/8681579, , , ,20962.03153335,756.486280569945
47,R-3,R-3 High-Density Residential,R-3,R-3 High Density Residential,R-3 Zoning Code is,available online,http://ecode360.com/8679692, , , ,38678.89803847,817.010269432501
48,O-S,Open Space,O-S,Open Space District,O-S Zoning Code is,available online,http://ecode360.com/8681579, , , ,94325.786435895,1347.53152588229
49,R-1,R-1 Low Density Residential,R-1,R-1 Low Density Residential,R-1 Zoning Code is,available online,http://ecode360.com/8679530, , , ,248482.307234685,2269.65669148739
50,R-3,R-3 High-Density Residential,R-3,R-3 High Density Residential,R-3 Zoning Code is,available online,http://ecode360.com/8679692, , , ,361995.94665425,3318.40639360126
51,M-1,Industrial,M-1,M-1 Industrial District,M-1 Zoning Code is,available online,http://ecode360.com/8681474, , , ,460023.602068115,3268.21677319215
52,C-1,C-1 Neighborhood Center,C-1,C-1 Neighborhood Center,C-1 Zoning Code is,available online,http://ecode360.com/8679793, , , ,27552.5614692,990.318396151207
53,M-1,Industrial,M-1,M-1 Industrial District,M-1 Zoning Code is,available online,http://ecode360.com/8681474, , , ,283897.082039165,3212.32469818533
54,O-S,Open Space,O-S,Open Space District,O-S Zoning Code is,available online,http://ecode360.com/8681579, , , ,70295.503863525,1119.01272111708
55,O-S,Open Space,O-S,Open Space District,O-S Zoning Code is,available online,http://ecode360.com/8681579, , , ,62973.486481215,1022.93202520936
56,O-S,Open Space,O-S,Open Space District,O-S Zoning Code is,available online,http://ecode360.com/8681579, , , ,8378.08732159,396.402967904552
57,M-1,Industrial,M-1,M-1 Industrial District,M-1 Zoning Code is,available online,http://ecode360.com/8681474, , , ,29352.796050365,711.211445370028
58,O-S,Open Space,O-S,Open Space District,O-S Zoning Code is,available online,http://ecode360.com/8681579, , , ,23717.01694727,620.830028438911
59,C-2,C-2 Community Center,C-2,C-2 Community Center,C-2 Zoning Code is,available online,http://ecode360.com/8679863, , , ,14200.81910117,493.936687543411
60,R-1,R-1 Low Density Residential,R-1,R-1 Low Density Residential,R-1 Zoning Code is,available online,http://ecode360.com/8679530, , , ,6387.337579225,311.012006837625
61,O-S,Open Space,O-S,Open Space District,O-S Zoning Code is,available online,http://ecode360.com/8681579, , , ,9282.414414265,464.831316460688
62,PD #5,Planned Development District,PD #5,PD Planned Development District #5 St. Michael's,PD #5 Zoning Code is,available online,https://ecode360.com/33553363, , , ,34077.807808875,940.681162732818
63,C-1,C-1 Neighborhood Center,C-1,C-1 Neighborhood Center,C-1 Zoning Code is,available online,http://ecode360.com/8679793, , , ,12720.19172535,509.285713995526
64,R-2,R-2 Medium Density Residential,R-2,R-2 Medium Density Residential,R-2 Zoning Code is,available online,http://ecode360.com/8679602, , , ,76349.38486181,2421.76209528537
65,PD #1,Planned Development District,PD #1,PD Planned Development District #1 Holy Redeemer,PD #1 Zoning Code is,available online,https://ecode360.com/33553165, , , ,15434.22323198,531.853495178649
66,O-S,Open Space,O-S,Open Space District,O-S Zoning Code is,available online,http://ecode360.com/8681579, , , ,8780.696146995,384.142580411847
67,R-2,R-2 Medium Density Residential,R-2,R-2 Medium Density Residential,R-2 Zoning Code is,available online,http://ecode360.com/8679602, , , ,116726.891247865,2005.49409352217
68,M-1,Industrial,M-1,M-1 Industrial District,M-1 Zoning Code is,available online,http://ecode360.com/8681474, , , ,137091.02698162,2168.08407241838
69,M-1,Industrial,M-1,M-1 Industrial District,M-1 Zoning Code is,available online,http://ecode360.com/8681474, , , ,51214.824733425,952.678463253176
70,C-1,C-1 Neighborhood Center,C-1,C-1 Neighborhood Center,C-1 Zoning Code is,available online,http://ecode360.com/8679793, , , ,18612.876463245,678.754950854912
71,O-S,Open Space,O-S,Open Space District,O-S Zoning Code is,available online,http://ecode360.com/8681579, , , ,60243.29543539,1156.65754220376
72,C-1,C-1 Neighborhood Center,C-1,C-1 Neighborhood Center,C-1 Zoning Code is,available online,http://ecode360.com/8679793, , , ,36240.275503985,1526.01519315656
73,O-S,Open Space,O-S,Open Space District,O-S Zoning Code is,available online,http://ecode360.com/8681579, , , ,32846.533314585,825.283612929923
74,C-1,C-1 Neighborhood Center,C-1,C-1 Neighborhood Center,C-1 Zoning Code is,available online,http://ecode360.com/8679793, , , ,124430.44952626,3114.57662965842
75,O-S,Open Space,O-S,Open Space District,O-S Zoning Code is,available online,http://ecode360.com/8681579, , , ,95074.587619195,1610.75305241496
76,C-1,C-1 Neighborhood Center,C-1,C-1 Neighborhood Center,C-1 Zoning Code is,available online,http://ecode360.com/8679793, , , ,57431.99600576,1464.39683821433
77,O-S,Open Space,O-S,Open Space District,O-S Zoning Code is,available online,http://ecode360.com/8681579, , , ,37834.66339136,781.52472439367
78,R-3,R-3 High-Density Residential,R-3,R-3 High Density Residential,R-3 Zoning Code is,available online,http://ecode360.com/8679692, , , ,23032.91503362,1018.02898401736
79,R-3,R-3 High-Density Residential,R-3,R-3 High Density Residential,R-3 Zoning Code is,available online,http://ecode360.com/8679692, , , ,51654.676742075,1258.65273900715
80,PD #6,Planned Development District,PD #6,PD Planned Development District #6 Rochester General Hospital,PD #6 Zoning Code is,available online,https://ecode360.com/33553407, , , ,499546.745128295,3374.37336374507
81,C-2,C-2 Community Center,C-2,C-2 Community Center,C-2 Zoning Code is,available online,http://ecode360.com/8679863, , , ,202898.958587165,3579.67028904262
82,R-3,R-3 High-Density Residential,R-3,R-3 High Density Residential,R-3 Zoning Code is,available online,http://ecode360.com/8679692, , , ,167287.913543975,1685.94835921209
83,C-3,C-3 Regional Destination Center,C-3,C-3 Regional Destination Center,C-3 Zoning Code is,available online,http://ecode360.com/8679969, , , ,102987.142499995,2579.92940930513
84,M-1,Industrial,M-1,M-1 Industrial District,M-1 Zoning Code is,available online,http://ecode360.com/8681474, , , ,175252.31293789,2076.91552701995
85,C-1,C-1 Neighborhood Center,C-1,C-1 Neighborhood Center,C-1 Zoning Code is,available online,http://ecode360.com/8679793, , , ,13241.38990084,521.584082780103
86,C-3,C-3 Regional Destination Center,C-3,C-3 Regional Destination Center,C-3 Zoning Code is,available online,http://ecode360.com/8679969, , , ,568102.042702185,8637.56064351543
87,R-1,R-1 Low Density Residential,R-1,R-1 Low Density Residential,R-1 Zoning Code is,available online,http://ecode360.com/8679530, , , ,1666960.70792597,11377.6729856997
88,R-1,R-1 Low Density Residential,R-1,R-1 Low Density Residential,R-1 Zoning Code is,available online,http://ecode360.com/8679530, , , ,138971.048976235,11706.5174074867
89,C-1,C-1 Neighborhood Center,C-1,C-1 Neighborhood Center,C-1 Zoning Code is,available online,http://ecode360.com/8679793, , , ,2175.381553975,327.036938485308
90,O-S,Open Space,O-S,Open Space District,O-S Zoning Code is,available online,http://ecode360.com/8681579, , , ,25750.21455384,789.553008681068
91,O-S,Open Space,O-S,Open Space District,O-S Zoning Code is,available online,http://ecode360.com/8681579, , , ,4001.55790832,283.833067159239
92,O-S,Open Space,O-S,Open Space District,O-S Zoning Code is,available online,http://ecode360.com/8681579, , , ,6296.50311071,317.703614633762
93,C-1,C-1 Neighborhood Center,C-1,C-1 Neighborhood Center,C-1 Zoning Code is,available online,http://ecode360.com/8679793, , , ,22854.365857845,652.085715181641
94,R-3,R-3 High-Density Residential,R-3,R-3 High Density Residential,R-3 Zoning Code is,available online,http://ecode360.com/8679692, , , ,18696.309571735,557.113166014517
95,O-S,Open Space,O-S,Open Space District,O-S Zoning Code is,available online,http://ecode360.com/8681579, , , ,8537.15950301,389.972802048326
96,C-1,C-1 Neighborhood Center,C-1,C-1 Neighborhood Center,C-1 Zoning Code is,available online,http://ecode360.com/8679793, , , ,16238.874244535,536.904111445949
97,C-1,C-1 Neighborhood Center,C-1,C-1 Neighborhood Center,C-1 Zoning Code is,available online,http://ecode360.com/8679793, , , ,18778.59905332,816.715129883024
98,C-1,C-1 Neighborhood Center,C-1,C-1 Neighborhood Center,C-1 Zoning Code is,available online,http://ecode360.com/8679793, , , ,17902.07020162,716.406681372664
99,C-1,C-1 Neighborhood Center,C-1,C-1 Neighborhood Center,C-1 Zoning Code is,available online,http://ecode360.com/8679793, , , ,8442.60983919,426.389611854648
100,C-1,C-1 Neighborhood Center,C-1,C-1 Neighborhood Center,C-1 Zoning Code is,available online,http://ecode360.com/8679793, , , ,13697.845901555,610.729826557171
101,C-1,C-1 Neighborhood Center,C-1,C-1 Neighborhood Center,C-1 Zoning Code is,available online,http://ecode360.com/8679793, , , ,71709.02659831,1755.91629334034
102,C-1,C-1 Neighborhood Center,C-1,C-1 Neighborhood Center,C-1 Zoning Code is,available online,http://ecode360.com/8679793, , , ,16227.972541595,617.528715693831
103,C-1,C-1 Neighborhood Center,C-1,C-1 Neighborhood Center,C-1 Zoning Code is,available online,http://ecode360.com/8679793, , , ,80903.83059545,1716.09136508258
104,C-1,C-1 Neighborhood Center,C-1,C-1 Neighborhood Center,C-1 Zoning Code is,available online,http://ecode360.com/8679793, , , ,33761.13303468,1270.75301928723
105,C-1,C-1 Neighborhood Center,C-1,C-1 Neighborhood Center,C-1 Zoning Code is,available online,http://ecode360.com/8679793, , , ,8887.64579374,425.789903026242
106,C-1,C-1 Neighborhood Center,C-1,C-1 Neighborhood Center,C-1 Zoning Code is,available online,http://ecode360.com/8679793, , , ,14606.368820795,538.287993708282
107,C-1,C-1 Neighborhood Center,C-1,C-1 Neighborhood Center,C-1 Zoning Code is,available online,http://ecode360.com/8679793, , , ,27226.073242265,743.686018486907
108,C-1,C-1 Neighborhood Center,C-1,C-1 Neighborhood Center,C-1 Zoning Code is,available online,http://ecode360.com/8679793, , , ,13629.48412408,576.984193358653
109,C-1,C-1 Neighborhood Center,C-1,C-1 Neighborhood Center,C-1 Zoning Code is,available online,http://ecode360.com/8679793, , , ,22125.0396084,772.038257763788
110,C-1,C-1 Neighborhood Center,C-1,C-1 Neighborhood Center,C-1 Zoning Code is,available online,http://ecode360.com/8679793, , , ,22775.767015935,654.693903584833
111,C-1,C-1 Neighborhood Center,C-1,C-1 Neighborhood Center,C-1 Zoning Code is,available online,http://ecode360.com/8679793, , , ,11097.56087797,572.740932320795
112,C-1,C-1 Neighborhood Center,C-1,C-1 Neighborhood Center,C-1 Zoning Code is,available online,http://ecode360.com/8679793, , , ,33940.536019085,1282.1133448592
113,C-1,C-1 Neighborhood Center,C-1,C-1 Neighborhood Center,C-1 Zoning Code is,available online,http://ecode360.com/8679793, , , ,20887.793393985,889.797902047659
114,C-1,C-1 Neighborhood Center,C-1,C-1 Neighborhood Center,C-1 Zoning Code is,available online,http://ecode360.com/8679793, , , ,12207.960212545,696.668296012148
115,C-1,C-1 Neighborhood Center,C-1,C-1 Neighborhood Center,C-1 Zoning Code is,available online,http://ecode360.com/8679793, , , ,22927.52473438,762.529107582882
116,C-1,C-1 Neighborhood Center,C-1,C-1 Neighborhood Center,C-1 Zoning Code is,available online,http://ecode360.com/8679793, , , ,19216.797775585,791.713618621177
117,C-1,C-1 Neighborhood Center,C-1,C-1 Neighborhood Center,C-1 Zoning Code is,available online,http://ecode360.com/8679793, , , ,21972.605295655,830.849887505618
118,C-1,C-1 Neighborhood Center,C-1,C-1 Neighborhood Center,C-1 Zoning Code is,available online,http://ecode360.com/8679793, , , ,27606.98809165,991.338047835767
119,C-1,C-1 Neighborhood Center,C-1,C-1 Neighborhood Center,C-1 Zoning Code is,available online,http://ecode360.com/8679793, , , ,19668.59106188,600.897293884595
120,C-1,C-1 Neighborhood Center,C-1,C-1 Neighborhood Center,C-1 Zoning Code is,available online,http://ecode360.com/8679793, , , ,12197.71114581,474.088216386491
121,C-1,C-1 Neighborhood Center,C-1,C-1 Neighborhood Center,C-1 Zoning Code is,available online,http://ecode360.com/8679793, , , ,42316.473305985,1588.9031964476
122,C-1,C-1 Neighborhood Center,C-1,C-1 Neighborhood Center,C-1 Zoning Code is,available online,http://ecode360.com/8679793, , , ,17539.1853478,802.470119545849
123,C-1,C-1 Neighborhood Center,C-1,C-1 Neighborhood Center,C-1 Zoning Code is,available online,http://ecode360.com/8679793, , , ,29304.795650005,712.022664539403
124,C-1,C-1 Neighborhood Center,C-1,C-1 Neighborhood Center,C-1 Zoning Code is,available online,http://ecode360.com/8679793, , , ,14728.04140749,547.422035913762
125,C-1,C-1 Neighborhood Center,C-1,C-1 Neighborhood Center,C-1 Zoning Code is,available online,http://ecode360.com/8679793, , , ,42502.377853925,1113.53293705826
126,C-1,C-1 Neighborhood Center,C-1,C-1 Neighborhood Center,C-1 Zoning Code is,available online,http://ecode360.com/8679793, , , ,22898.612247745,750.618385784784
127,C-1,C-1 Neighborhood Center,C-1,C-1 Neighborhood Center,C-1 Zoning Code is,available online,http://ecode360.com/8679793, , , ,17040.181981635,637.946655694431
128,C-1,C-1 Neighborhood Center,C-1,C-1 Neighborhood Center,C-1 Zoning Code is,available online,http://ecode360.com/8679793, , , ,31761.94720098,935.738222328986
129,C-1,C-1 Neighborhood Center,C-1,C-1 Neighborhood Center,C-1 Zoning Code is,available online,http://ecode360.com/8679793, , , ,101044.80649173,2200.05112247518
130,Brooks Landing URD/C-2,URD Urban Renewal District,Brooks Landing URD/C-2,Brooks Landing Urban Renewal District/C-2 Community Center,Brooks Landing URD Zoning Code is,available online,http://ecode360.com/8681722,C-2 Zoning Code is,available online,http://ecode360.com/8679863,29102.975339675,926.870968676655
131,C-1,C-1 Neighborhood Center,C-1,C-1 Neighborhood Center,C-1 Zoning Code is,available online,http://ecode360.com/8679793, , , ,34307.34338605,970.961099159359
132,C-2,C-2 Community Center,C-2,C-2 Community Center,C-2 Zoning Code is,available online,http://ecode360.com/8679863, , , ,192808.14151403,4008.16828303027
133,C-2,C-2 Community Center,C-2,C-2 Community Center,C-2 Zoning Code is,available online,http://ecode360.com/8679863, , , ,68312.06122121,1321.99952602935
134,C-2,C-2 Community Center,C-2,C-2 Community Center,C-2 Zoning Code is,available online,http://ecode360.com/8679863, , , ,66219.25246559,1164.43999603272
135,R-1,R-1 Low Density Residential,R-1,R-1 Low Density Residential,R-1 Zoning Code is,available online,http://ecode360.com/8679530, , , ,1018778.54039765,5627.66736602452
136,C-1,C-1 Neighborhood Center,C-1,C-1 Neighborhood Center,C-1 Zoning Code is,available online,http://ecode360.com/8679793, , , ,28301.89904577,946.187621130644
137,C-2,C-2 Community Center,C-2,C-2 Community Center,C-2 Zoning Code is,available online,http://ecode360.com/8679863, , , ,39689.17299356,1502.21001774199
138,C-1,C-1 Neighborhood Center,C-1,C-1 Neighborhood Center,C-1 Zoning Code is,available online,http://ecode360.com/8679793, , , ,73934.67710752,2148.86792300406
139,C-2,C-2 Community Center,C-2,C-2 Community Center,C-2 Zoning Code is,available online,http://ecode360.com/8679863, , , ,500180.48279375,5096.3933005716
140,C-2,C-2 Community Center,C-2,C-2 Community Center,C-2 Zoning Code is,available online,http://ecode360.com/8679863, , , ,338368.606227735,4861.34457193537
141,C-2,C-2 Community Center,C-2,C-2 Community Center,C-2 Zoning Code is,available online,http://ecode360.com/8679863, , , ,65626.97688607,1522.74961410255
142,C-2,C-2 Community Center,C-2,C-2 Community Center,C-2 Zoning Code is,available online,http://ecode360.com/8679863, , , ,69196.72252799,1760.13997524254
143,C-2,C-2 Community Center,C-2,C-2 Community Center,C-2 Zoning Code is,available online,http://ecode360.com/8679863, , , ,434761.09978211,6807.65312982369
144,C-2,C-2 Community Center,C-2,C-2 Community Center,C-2 Zoning Code is,available online,http://ecode360.com/8679863, , , ,50316.75116125,1046.36151211819
145,C-2,C-2 Community Center,C-2,C-2 Community Center,C-2 Zoning Code is,available online,http://ecode360.com/8679863, , , ,44475.38007217,983.509186024156
146,C-1,C-1 Neighborhood Center,C-1,C-1 Neighborhood Center,C-1 Zoning Code is,available online,http://ecode360.com/8679793, , , ,15482.577843065,623.23042724479
147,C-2,C-2 Community Center,C-2,C-2 Community Center,C-2 Zoning Code is,available online,http://ecode360.com/8679863, , , ,137045.92315699,1692.675516733
148,C-2,C-2 Community Center,C-2,C-2 Community Center,C-2 Zoning Code is,available online,http://ecode360.com/8679863, , , ,175780.14348083,2790.16752896589
149,C-2,C-2 Community Center,C-2,C-2 Community Center,C-2 Zoning Code is,available online,http://ecode360.com/8679863, , , ,148191.48759934,1780.61700769348
150,C-2,C-2 Community Center,C-2,C-2 Community Center,C-2 Zoning Code is,available online,http://ecode360.com/8679863, , , ,35524.016513765,1073.57397342908
151,C-2,C-2 Community Center,C-2,C-2 Community Center,C-2 Zoning Code is,available online,http://ecode360.com/8679863, , , ,83156.243502345,1164.3848451443
152,C-2,C-2 Community Center,C-2,C-2 Community Center,C-2 Zoning Code is,available online,http://ecode360.com/8679863, , , ,14479.46637365,688.033855900769
153,C-2,C-2 Community Center,C-2,C-2 Community Center,C-2 Zoning Code is,available online,http://ecode360.com/8679863, , , ,19723.061843095,888.511002384982
154,M-1,Industrial,M-1,M-1 Industrial District,M-1 Zoning Code is,available online,http://ecode360.com/8681474, , , ,107921.59716764,2243.82171385302
155,C-2,C-2 Community Center,C-2,C-2 Community Center,C-2 Zoning Code is,available online,http://ecode360.com/8679863, , , ,25431.386390055,836.039033628238
156,C-2,C-2 Community Center,C-2,C-2 Community Center,C-2 Zoning Code is,available online,http://ecode360.com/8679863, , , ,162119.14106353,4016.31155492134
157,C-2,C-2 Community Center,C-2,C-2 Community Center,C-2 Zoning Code is,available online,http://ecode360.com/8679863, , , ,85459.455340865,1787.59651509305
158,C-2,C-2 Community Center,C-2,C-2 Community Center,C-2 Zoning Code is,available online,http://ecode360.com/8679863, , , ,114862.7641306,2101.16618453339
159,C-2,C-2 Community Center,C-2,C-2 Community Center,C-2 Zoning Code is,available online,http://ecode360.com/8679863, , , ,40674.337692925,1054.42797832564
160,C-2,C-2 Community Center,C-2,C-2 Community Center,C-2 Zoning Code is,available online,http://ecode360.com/8679863, , , ,35004.72550973,1053.57954826246
161,C-2,C-2 Community Center,C-2,C-2 Community Center,C-2 Zoning Code is,available online,http://ecode360.com/8679863, , , ,36496.21198143,1123.75982357789
162,C-2,C-2 Community Center,C-2,C-2 Community Center,C-2 Zoning Code is,available online,http://ecode360.com/8679863, , , ,172907.04242084,3307.29444284313
163,C-3,C-3 Regional Destination Center,C-3,C-3 Regional Destination Center,C-3 Zoning Code is,available online,http://ecode360.com/8679969, , , ,248247.130284885,2083.47495064899
164,C-3,C-3 Regional Destination Center,C-3,C-3 Regional Destination Center,C-3 Zoning Code is,available online,http://ecode360.com/8679969, , , ,260782.484021795,2970.07943576441
165,C-3,C-3 Regional Destination Center,C-3,C-3 Regional Destination Center,C-3 Zoning Code is,available online,http://ecode360.com/8679969, , , ,35806.047688035,851.605348270795
166,C-3,C-3 Regional Destination Center,C-3,C-3 Regional Destination Center,C-3 Zoning Code is,available online,http://ecode360.com/8679969, , , ,14316.531751825,642.182609530475
167,Genesee Crossroads S URD/CCD-T,URD Urban Renewal District,Genesee Crossroads S URD/CCD-T,Genesee Crossroads South Urban Renewal District/CCD-T Center City Tower District,Genesee Crossroads S URD Zoning Code is,available online,http://ecode360.com/8681722,CCD-T Zoning Code is,available online,http://ecode360.com/8680942,31539.840349215,742.969933722325
168,CCD-B,CCD Center City District,CCD-B,CCD-B Center City Base District,CCD-B Zoning Code is,available online,http://ecode360.com/8680106, , , ,275667.17527311,3033.21824386634
169,CCD-C,CCD Center City District,CCD-C,CCD-C Center City Cascade-Canal,CCD-C Zoning Code is,available online,http://ecode360.com/8681089, , , ,712020.826698965,3998.65633059987
170,H-V,Village Center,H-V,H-V Harbortown Village District,H-V Zoning Code is,available online,http://ecode360.com/8681342, , , ,1703344.33055488,12973.6913663026
171,IPD - Roch Psych Center,Planned Development District,IPD - Roch Psych Center,Institutional Planned Development - Rochester Psychiatric Center,IPD Zoning Code is not available online.  Please contact the,Bureau of Planning and Zoning,http://www.cityofrochester.gov/planningandzoning/, , , ,502586.768867005,3749.12050001386
172,PD #21,Planned Development District,PD #21,PD Planned Development District #21 The Vistas at Highland,PD #21 Zoning Code is,available online,https://ecode360.com/34798421, , , ,189257.48359624,1848.10767714646
173,PD #11,Planned Development District,PD #11,PD Planned Development District #11 Citygate,PD #11 Zoning Code is,available online,https://ecode360.com/33553903, , , ,341821.25394237,2483.69566803618
174,IPD #12,Planned Development District,IPD #12,Institutional Planned Development #12 Iola,IPD Zoning Code is not available online.  Please contact the,Bureau of Planning and Zoning,http://www.cityofrochester.gov/planningandzoning/, , , ,295528.483327025,2380.57941715674
175,IPD #13,Planned Development District,IPD #13,Institutional Planned Development #13 Memorial Art Gallery,IPD Zoning Code is not available online.  Please contact the,Bureau of Planning and Zoning,http://www.cityofrochester.gov/planningandzoning/, , , ,121763.93603973,1513.08184772725
176,IPD #15,Planned Development District,IPD #15,Institutional Planned Development #15 Episcopal Church Home,IPD Zoning Code is not available online.  Please contact the,Bureau of Planning and Zoning,http://www.cityofrochester.gov/planningandzoning/, , , ,49542.179036635,982.087849919314
177,IPD #2,Planned Development District,IPD #2,Institutional Planned Development #2 Hillside Childrens Center,IPD Zoning Code is not available online.  Please contact the,Bureau of Planning and Zoning,http://www.cityofrochester.gov/planningandzoning/, , , ,177695.73595977,2538.08688053093
178,PD #4,Planned Development District,PD #4,PD Planned Development District #4 Rochester Museum & Science Center,PD #4 Zoning Code is,available online,https://ecode360.com/33553332, , , ,105001.51656517,1724.59326803925
179,PD #17,Planned Development District,PD #17,PD Planned Development District #17 Highland Hospital,PD #17 Zoning Code is,available online,https://ecode360.com/33554429, , , ,82284.64069621,1172.92232964667
180,M-1,Industrial,M-1,M-1 Industrial District,M-1 Zoning Code is,available online,http://ecode360.com/8681474, , , ,80987.20352504,1581.32929381497
181,M-1,Industrial,M-1,M-1 Industrial District,M-1 Zoning Code is,available online,http://ecode360.com/8681474, , , ,341270.08149992,2582.87515695598
182,M-1,Industrial,M-1,M-1 Industrial District,M-1 Zoning Code is,available online,http://ecode360.com/8681474, , , ,155464.171078225,1699.15068638516
183,M-1,Industrial,M-1,M-1 Industrial District,M-1 Zoning Code is,available online,http://ecode360.com/8681474, , , ,38518.203487345,1251.95918867306
184,M-1,Industrial,M-1,M-1 Industrial District,M-1 Zoning Code is,available online,http://ecode360.com/8681474, , , ,8814.023988995,379.050766842177
185,M-1,Industrial,M-1,M-1 Industrial District,M-1 Zoning Code is,available online,http://ecode360.com/8681474, , , ,452881.37139525,2757.14771722312
186,M-1,Industrial,M-1,M-1 Industrial District,M-1 Zoning Code is,available online,http://ecode360.com/8681474, , , ,386731.935227755,4899.53332994447
187,Norton St URD,URD Urban Renewal District,Norton St URD,Norton Street Urban Renewal District,Norton St URD Zoning Code is,available online,http://ecode360.com/8681722, , , ,93221.053396205,1223.21436427394
188,M-1,Industrial,M-1,M-1 Industrial District,M-1 Zoning Code is,available online,http://ecode360.com/8681474, , , ,171858.37359815,2291.04790047712
189,M-1,Industrial,M-1,M-1 Industrial District,M-1 Zoning Code is,available online,http://ecode360.com/8681474, , , ,50636.473371175,1113.2745270676
190,M-1,Industrial,M-1,M-1 Industrial District,M-1 Zoning Code is,available online,http://ecode360.com/8681474, , , ,191371.13887236,2512.24713773732
191,O-S,Open Space,O-S,Open Space District,O-S Zoning Code is,available online,http://ecode360.com/8681579, , , ,7153390.19002455,49881.4768773844
192,O-S,Open Space,O-S,Open Space District,O-S Zoning Code is,available online,http://ecode360.com/8681579, , , ,27290.617276195,711.898792210142
193,O-S,Open Space,O-S,Open Space District,O-S Zoning Code is,available online,http://ecode360.com/8681579, , , ,5419.504719525,318.685375404894
194,O-S,Open Space,O-S,Open Space District,O-S Zoning Code is,available online,http://ecode360.com/8681579, , , ,14568.746163295,483.160864626363
195,O-S,Open Space,O-S,Open Space District,O-S Zoning Code is,available online,http://ecode360.com/8681579, , , ,18373.659056725,596.402174014837
196,O-S,Open Space,O-S,Open Space District,O-S Zoning Code is,available online,http://ecode360.com/8681579, , , ,6372.313650155,325.622440912919
197,T-P,Parking,T-P,T-P Transitional Parking District,T-P Zoning Code is,available online,http://ecode360.com/documents/RO0104/RO0104-120a%20Appendix%201.pdf, , , ,11195.35993462,435.023657107438
198,Marketview Heights URD/O-S,URD Urban Renewal District,Marketview Heights URD/O-S,Marketview Heights Urban Renewal District / Open Space District,Marketview Heights URD Zoning Code is,available online,http://ecode360.com/8681722,O-S Zoning Code is,available online,http://ecode360.com/8681579,6269.704321605,332.505933223369
199,O-S,Open Space,O-S,Open Space District,O-S Zoning Code is,available online,http://ecode360.com/8681579, , , ,74793.34468023,1120.93520947034
200,O-S,Open Space,O-S,Open Space District,O-S Zoning Code is,available online,http://ecode360.com/8681579, , , ,412242.589641025,4376.31780207971
201,PMV,Village Center,PMV,Public Market Village District,PMV Zoning Code is,available online,http://ecode360.com/8681255, , , ,463206.82361716,5214.59614622123
202,R-1,R-1 Low Density Residential,R-1,R-1 Low Density Residential,R-1 Zoning Code is,available online,http://ecode360.com/8679530, , , ,57210.73914848,1215.11358437432
203,R-1,R-1 Low Density Residential,R-1,R-1 Low Density Residential,R-1 Zoning Code is,available online,http://ecode360.com/8679530, , , ,667563.61194482,4305.92217224417
204,R-1,R-1 Low Density Residential,R-1,R-1 Low Density Residential,R-1 Zoning Code is,available online,http://ecode360.com/8679530, , , ,990684.47987831,7771.42431991293
205,R-1,R-1 Low Density Residential,R-1,R-1 Low Density Residential,R-1 Zoning Code is,available online,http://ecode360.com/8679530, , , ,297419.312145945,2425.26499480684
206,R-1,R-1 Low Density Residential,R-1,R-1 Low Density Residential,R-1 Zoning Code is,available online,http://ecode360.com/8679530, , , ,2819700.19147883,17751.5431420682
207,R-2,R-2 Medium Density Residential,R-2,R-2 Medium Density Residential,R-2 Zoning Code is,available online,http://ecode360.com/8679602, , , ,109377.873736775,2070.14991146013
208,R-1,R-1 Low Density Residential,R-1,R-1 Low Density Residential,R-1 Zoning Code is,available online,http://ecode360.com/8679530, , , ,221746.577983525,2925.37697607738
209,R-1,R-1 Low Density Residential,R-1,R-1 Low Density Residential,R-1 Zoning Code is,available online,http://ecode360.com/8679530, , , ,46499.441173445,1095.4017705102
210,R-1,R-1 Low Density Residential,R-1,R-1 Low Density Residential,R-1 Zoning Code is,available online,http://ecode360.com/8679530, , , ,15798.42961937,580.944736162834
211,R-3,R-3 High-Density Residential,R-3,R-3 High Density Residential,R-3 Zoning Code is,available online,http://ecode360.com/8679692, , , ,14780.964448405,506.476215990516
212,R-1,R-1 Low Density Residential,R-1,R-1 Low Density Residential,R-1 Zoning Code is,available online,http://ecode360.com/8679530, , , ,46382.569046735,904.238712482917
213,R-1,R-1 Low Density Residential,R-1,R-1 Low Density Residential,R-1 Zoning Code is,available online,http://ecode360.com/8679530, , , ,58511.972612375,1176.48248358062
214,R-1,R-1 Low Density Residential,R-1,R-1 Low Density Residential,R-1 Zoning Code is,available online,http://ecode360.com/8679530, , , ,48370.87682565,1171.51889931841
215,R-2,R-2 Medium Density Residential,R-2,R-2 Medium Density Residential,R-2 Zoning Code is,available online,http://ecode360.com/8679602, , , ,30136.600950725,990.071298939552
216,R-2,R-2 Medium Density Residential,R-2,R-2 Medium Density Residential,R-2 Zoning Code is,available online,http://ecode360.com/8679602, , , ,44854.07157296,1143.87517668553
217,R-2,R-2 Medium Density Residential,R-2,R-2 Medium Density Residential,R-2 Zoning Code is,available online,http://ecode360.com/8679602, , , ,285692.396791265,3007.63351297655
218,R-2,R-2 Medium Density Residential,R-2,R-2 Medium Density Residential,R-2 Zoning Code is,available online,http://ecode360.com/8679602, , , ,83739.520948265,1596.46520562286
219,R-2,R-2 Medium Density Residential,R-2,R-2 Medium Density Residential,R-2 Zoning Code is,available online,http://ecode360.com/8679602, , , ,183567.151153365,2773.58192351029
220,R-2,R-2 Medium Density Residential,R-2,R-2 Medium Density Residential,R-2 Zoning Code is,available online,http://ecode360.com/8679602, , , ,306831.257455745,3866.27328692255
221,R-2,R-2 Medium Density Residential,R-2,R-2 Medium Density Residential,R-2 Zoning Code is,available online,http://ecode360.com/8679602, , , ,630814.857798075,5464.77977010845
222,R-1,R-1 Low Density Residential,R-1,R-1 Low Density Residential,R-1 Zoning Code is,available online,http://ecode360.com/8679530, , , ,442438.47129532,4018.03086726232
223,R-2,R-2 Medium Density Residential,R-2,R-2 Medium Density Residential,R-2 Zoning Code is,available online,http://ecode360.com/8679602, , , ,195130.546629125,1883.53375026972
224,R-3,R-3 High-Density Residential,R-3,R-3 High Density Residential,R-3 Zoning Code is,available online,http://ecode360.com/8679692, , , ,279316.868941495,2387.34516207361
225,R-3,R-3 High-Density Residential,R-3,R-3 High Density Residential,R-3 Zoning Code is,available online,http://ecode360.com/8679692, , , ,120986.390869735,1585.56396346384
226,R-3,R-3 High-Density Residential,R-3,R-3 High Density Residential,R-3 Zoning Code is,available online,http://ecode360.com/8679692, , , ,108905.36735516,2485.62401043366
227,R-3,R-3 High-Density Residential,R-3,R-3 High Density Residential,R-3 Zoning Code is,available online,http://ecode360.com/8679692, , , ,18532.22972763,601.937760582237
228,R-3,R-3 High-Density Residential,R-3,R-3 High Density Residential,R-3 Zoning Code is,available online,http://ecode360.com/8679692, , , ,280292.87550383,3922.62642622798
229,C-2,C-2 Community Center,C-2,C-2 Community Center,C-2 Zoning Code is,available online,http://ecode360.com/8679863, , , ,457088.233832625,7259.04333774977
230,R-3,R-3 High-Density Residential,R-3,R-3 High Density Residential,R-3 Zoning Code is,available online,http://ecode360.com/8679692, , , ,23104.66391619,627.312058024414
231,R-2,R-2 Medium Density Residential,R-2,R-2 Medium Density Residential,R-2 Zoning Code is,available online,http://ecode360.com/8679602, , , ,52066.32556523,1512.59423231639
232,R-3,R-3 High-Density Residential,R-3,R-3 High Density Residential,R-3 Zoning Code is,available online,http://ecode360.com/8679692, , , ,51038.146987965,1611.29217140941
233,R-3,R-3 High-Density Residential,R-3,R-3 High Density Residential,R-3 Zoning Code is,available online,http://ecode360.com/8679692, , , ,20319.055511265,563.445209380807
234,M-1,Industrial,M-1,M-1 Industrial District,M-1 Zoning Code is,available online,http://ecode360.com/8681474, , , ,9824285.1998349,39331.7317828036
235,R-3,R-3 High-Density Residential,R-3,R-3 High Density Residential,R-3 Zoning Code is,available online,http://ecode360.com/8679692, , , ,8624.48002989,388.616287893561
236,R-3,R-3 High-Density Residential,R-3,R-3 High Density Residential,R-3 Zoning Code is,available online,http://ecode360.com/8679692, , , ,320060.532560375,2704.57145367915
237,R-3,R-3 High-Density Residential,R-3,R-3 High Density Residential,R-3 Zoning Code is,available online,http://ecode360.com/8679692, , , ,115227.263975575,1686.81943488821
238,R-3,R-3 High-Density Residential,R-3,R-3 High Density Residential,R-3 Zoning Code is,available online,http://ecode360.com/8679692, , , ,185682.78793563,2317.38270317998
239,C-2,C-2 Community Center,C-2,C-2 Community Center,C-2 Zoning Code is,available online,http://ecode360.com/8679863, , , ,57765.505916205,1066.52164556319
240,O-S,Open Space,O-S,Open Space District,O-S Zoning Code is,available online,http://ecode360.com/8681579, , , ,9655.12945382,401.363876157517
241,C-1,C-1 Neighborhood Center,C-1,C-1 Neighborhood Center,C-1 Zoning Code is,available online,http://ecode360.com/8679793, , , ,43308.189770485,1467.0258651643
242,C-2,C-2 Community Center,C-2,C-2 Community Center,C-2 Zoning Code is,available online,http://ecode360.com/8679863, , , ,9479.341790275,495.45225532158
243,C-2,C-2 Community Center,C-2,C-2 Community Center,C-2 Zoning Code is,available online,http://ecode360.com/8679863, , , ,5947.777108015,319.437589702024
244,R-2,R-2 Medium Density Residential,R-2,R-2 Medium Density Residential,R-2 Zoning Code is,available online,http://ecode360.com/8679602, , , ,51511.26844491,1618.05634314549
245,Cascade URD/CCD-C,URD Urban Renewal District,Cascade URD/CCD-C,Cascade Area Urban Renewal District/CCD-C Center City Cascade-Canal,Cascade URD Zoning Code is,available online,http://ecode360.com/8681722,CCD-C Zoning Code is,available online,http://ecode360.com/8681089,109770.47904064,1421.08972562583
246,CCD-B,CCD Center City District,CCD-B,CCD-B Center City Base District,CCD-B Zoning Code is,available online,http://ecode360.com/8680106, , , ,262542.662121935,2397.99940690246
247,CCD-M,CCD Center City District,CCD-M,CCD-M Center City Main Street District,CCD-M Zoning Code is,available online,http://ecode360.com/8680426, , , ,413122.243497025,4870.5998651453
248,C-3,C-3 Regional Destination Center,C-3,C-3 Regional Destination Center,C-3 Zoning Code is,available online,http://ecode360.com/8679969, , , ,61927.06769072,1075.67142499615
249,C-2,C-2 Community Center,C-2,C-2 Community Center,C-2 Zoning Code is,available online,http://ecode360.com/8679863, , , ,18013.57308615,562.574208124188
250,IPD #4,Planned Development District,IPD #4,Institutional Planned Development #4 Valley Manor,IPD Zoning Code is not available online.  Please contact the,Bureau of Planning and Zoning,http://www.cityofrochester.gov/planningandzoning/, , , ,45675.35365393,851.182938031422
251,PD #10,Planned Development District,PD #10,PD Planned Development District #10 University of Rochester,PD #10 Zoning Code is,available online,https://ecode360.com/33553771, , , ,2214128.66275551,11950.8715280646
252,C-2,C-2 Community Center,C-2,C-2 Community Center,C-2 Zoning Code is,available online,http://ecode360.com/8679863, , , ,140416.77158335,3756.77024793929
253,C-3 Conditional,C-3 Regional Destination Center,C-3 Conditional,C-3 Conditional,C-3 Conditional Zoning Code is not available online.  Please contact the,Bureau of Planning and Zoning,http://www.cityofrochester.gov/planningandzoning/, , , ,11315.00174214,477.760558320525
254,CCD-T,CCD Center City District,CCD-T,CCD-T Center City Tower District,CCD-T Zoning Code is,available online,http://ecode360.com/8680942, , , ,12736.415181555,470.32039408081
255,M-1,Industrial,M-1,M-1 Industrial District,M-1 Zoning Code is,available online,http://ecode360.com/8681474, , , ,166505.51202173,1829.93098936109
256,Erie Canal URD,URD Urban Renewal District,Erie Canal URD,Erie Canal Urban Renewal District,Erie Canal URD Zoning Code is,available online,http://ecode360.com/8681722, , , ,149710.664287065,1962.88294953307
257,M-1,Industrial,M-1,M-1 Industrial District,M-1 Zoning Code is,available online,http://ecode360.com/8681474, , , ,103533.143447955,1820.58314525026
258,R-3,R-3 High-Density Residential,R-3,R-3 High Density Residential,R-3 Zoning Code is,available online,http://ecode360.com/8679692, , , ,61464.43750009,1287.98933739162
259,C-1,C-1 Neighborhood Center,C-1,C-1 Neighborhood Center,C-1 Zoning Code is,available online,http://ecode360.com/8679793, , , ,3483.5659676,278.689030565146
260,C-1,C-1 Neighborhood Center,C-1,C-1 Neighborhood Center,C-1 Zoning Code is,available online,http://ecode360.com/8679793, , , ,2238.3684331,199.103650101895
261,C-1,C-1 Neighborhood Center,C-1,C-1 Neighborhood Center,C-1 Zoning Code is,available online,http://ecode360.com/8679793, , , ,11930.625770885,478.4554966285
262,O-S,Open Space,O-S,Open Space District,O-S Zoning Code is,available online,http://ecode360.com/8681579, , , ,27226.890306615,710.433243765388
263,R-2,R-2 Medium Density Residential,R-2,R-2 Medium Density Residential,R-2 Zoning Code is,available online,http://ecode360.com/8679602, , , ,52447.099862635,1094.52123481091
264,O-S,Open Space,O-S,Open Space District,O-S Zoning Code is,available online,http://ecode360.com/8681579, , , ,6072.324907715,358.077044060949
265,O-S,Open Space,O-S,Open Space District,O-S Zoning Code is,available online,http://ecode360.com/8681579, , , ,9645.882561185,394.354224143409
266,C-1,C-1 Neighborhood Center,C-1,C-1 Neighborhood Center,C-1 Zoning Code is,available online,http://ecode360.com/8679793, , , ,9339.176726815,444.415291308894
267,CCD-R,CCD Center City District,CCD-R,CCD-R Center City Riverfront,CCD-R Zoning Code is,available online,http://ecode360.com/8680229, , , ,2803246.68297993,14411.7131311514
268,M-1,Industrial,M-1,M-1 Industrial District,M-1 Zoning Code is,available online,http://ecode360.com/8681474, , , ,98413.38438351,1798.62419536237
269,C-1,C-1 Neighborhood Center,C-1,C-1 Neighborhood Center,C-1 Zoning Code is,available online,http://ecode360.com/8679793, , , ,4249.672002325,267.887586735093
270,C-1,C-1 Neighborhood Center,C-1,C-1 Neighborhood Center,C-1 Zoning Code is,available online,http://ecode360.com/8679793, , , ,4358.48408537,290.670701484848
271,R-2,R-2 Medium Density Residential,R-2,R-2 Medium Density Residential,R-2 Zoning Code is,available online,http://ecode360.com/8679602, , , ,3740.847797185,250.857616629646
272,O-S,Open Space,O-S,Open Space District,O-S Zoning Code is,available online,http://ecode360.com/8681579, , , ,2102.06639376,193.271226240295
273,PD #3,Planned Development District,PD #3,PD Planned Development District #3 Buena Vista,PD #3 Zoning Code is,available online,https://ecode360.com/33553295, , , ,42196.29521824,1363.53046602594
274,C-1,C-1 Neighborhood Center,C-1,C-1 Neighborhood Center,C-1 Zoning Code is,available online,http://ecode360.com/8679793, , , ,9371.21138832,432.930243551728
275,T-P,Parking,T-P,T-P Transitional Parking District,T-P Zoning Code is,available online,http://ecode360.com/documents/RO0104/RO0104-120a%20Appendix%201.pdf, , , ,7597.577046565,374.690643769682
276,R-3,R-3 High-Density Residential,R-3,R-3 High Density Residential,R-3 Zoning Code is,available online,http://ecode360.com/8679692, , , ,127935.008178045,1775.99319298247
277,O-S,Open Space,O-S,Open Space District,O-S Zoning Code is,available online,http://ecode360.com/8681579, , , ,31290.29447671,880.66424237246
278,M-D,Village Center,M-D,M-D Marina,M-D Zoning Code is,available online,http://ecode360.com/16129485, , , ,170332.608502695,1996.06690582141
279,C-2,C-2 Community Center,C-2,C-2 Community Center,C-2 Zoning Code is,available online,http://ecode360.com/8679863, , , ,40766.87080129,1372.88006776996
280,PD #9,Planned Development District,PD #9,PD Planned Development District #9 Canalside Business Park,PD #9 Zoning Code is,available online,https://ecode360.com/33553660, , , ,956204.758409665,4378.11788189652
281,C-1,C-1 Neighborhood Center,C-1,C-1 Neighborhood Center,C-1 Zoning Code is,available online,http://ecode360.com/8679793, , , ,23607.232302245,826.180635250497
282,C-3,C-3 Regional Destination Center,C-3,C-3 Regional Destination Center,C-3 Zoning Code is,available online,http://ecode360.com/8679969, , , ,95848.13924581,1230.49696478886
283,C-1,C-1 Neighborhood Center,C-1,C-1 Neighborhood Center,C-1 Zoning Code is,available online,http://ecode360.com/8679793, , , ,36470.417857295,1014.77923216468
284,R-1,R-1 Low Density Residential,R-1,R-1 Low Density Residential,R-1 Zoning Code is,available online,http://ecode360.com/8679530, , , ,32745.927472695,1003.49337781614
285,CCD-G,CCD Center City District,CCD-G,CCD-G Center City Grove Place District,CCD-G Zoning Code is,available online,http://ecode360.com/8680618, , , ,98867.38060534,2035.11360783777
286,M-1,Industrial,M-1,M-1 Industrial District,M-1 Zoning Code is,available online,http://ecode360.com/8681474, , , ,131395.79776011,2994.2926397151
287,O-S,Open Space,O-S,Open Space District,O-S Zoning Code is,available online,http://ecode360.com/8681579, , , ,6419648.74532016,15023.6683424252
288,R-1,R-1 Low Density Residential,R-1,R-1 Low Density Residential,R-1 Zoning Code is,available online,http://ecode360.com/8679530, , , ,26985262.9412954,112568.533042519
289,M-1,Industrial,M-1,M-1 Industrial District,M-1 Zoning Code is,available online,http://ecode360.com/8681474, , , ,141425.12246759,2096.40615174399
290,M-1,Industrial,M-1,M-1 Industrial District,M-1 Zoning Code is,available online,http://ecode360.com/8681474, , , ,6213255.68576788,11276.9569369225
291,R-2,R-2 Medium Density Residential,R-2,R-2 Medium Density Residential,R-2 Zoning Code is,available online,http://ecode360.com/8679602, , , ,909562.237377095,6098.24625310822
292,C-2,C-2 Community Center,C-2,C-2 Community Center,C-2 Zoning Code is,available online,http://ecode360.com/8679863, , , ,85252.81839643,2092.07243328496
293,M-1,Industrial,M-1,M-1 Industrial District,M-1 Zoning Code is,available online,http://ecode360.com/8681474, , , ,120720.194405585,1972.15572577161
294,R-2,R-2 Medium Density Residential,R-2,R-2 Medium Density Residential,R-2 Zoning Code is,available online,http://ecode360.com/8679602, , , ,1390444.20795712,8446.40450822594
295,O-S,Open Space,O-S,Open Space District,O-S Zoning Code is,available online,http://ecode360.com/8681579, , , ,2740231.21289627,14158.0595809871
296,IPD #10,Planned Development District,IPD #10,Institutional Planned Development #10 St. Mary's Hospital,IPD Zoning Code is not available online.  Please contact the,Bureau of Planning and Zoning,http://www.cityofrochester.gov/planningandzoning/, , , ,99690.410375385,1447.8619697635
297,R-2,R-2 Medium Density Residential,R-2,R-2 Medium Density Residential,R-2 Zoning Code is,available online,http://ecode360.com/8679602, , , ,430470.460479035,4188.10263570654
298,Marketview Heights URD/R-2,URD Urban Renewal District,Marketview Heights URD/R-2,Marketview Heights Urban Renewal District / R-2 Medium Density Residential,Marketview Heights URD Zoning Code is,available online,http://ecode360.com/8681722,R-2 Zoning Code is,available online,http://ecode360.com/8679602,349581.937114535,3671.47474019779
299,R-2,R-2 Medium Density Residential,R-2,R-2 Medium Density Residential,R-2 Zoning Code is,available online,http://ecode360.com/8679602, , , ,374282.13514955,3208.43851857815
300,R-1,R-1 Low Density Residential,R-1,R-1 Low Density Residential,R-1 Zoning Code is,available online,http://ecode360.com/8679530, , , ,4768846.15521337,21699.3914443845
301,R-1,R-1 Low Density Residential,R-1,R-1 Low Density Residential,R-1 Zoning Code is,available online,http://ecode360.com/8679530, , , ,1245588.41550359,6410.6096521276
302,O-S,Open Space,O-S,Open Space District,O-S Zoning Code is,available online,http://ecode360.com/8681579, , , ,1221935.10807513,6795.77624017476
303,R-1,R-1 Low Density Residential,R-1,R-1 Low Density Residential,R-1 Zoning Code is,available online,http://ecode360.com/8679530, , , ,3666954.15127421,18670.2888633263
304,R-1,R-1 Low Density Residential,R-1,R-1 Low Density Residential,R-1 Zoning Code is,available online,http://ecode360.com/8679530, , , ,1875432.65734415,9963.52862455446
305,R-2,R-2 Medium Density Residential,R-2,R-2 Medium Density Residential,R-2 Zoning Code is,available online,http://ecode360.com/8679602, , , ,584351.16173608,5324.46528831235
306,R-2,R-2 Medium Density Residential,R-2,R-2 Medium Density Residential,R-2 Zoning Code is,available online,http://ecode360.com/8679602, , , ,1119862.16610612,9681.45356239783
307,R-3,R-3 High-Density Residential,R-3,R-3 High Density Residential,R-3 Zoning Code is,available online,http://ecode360.com/8679692, , , ,1181819.73643872,6877.9448032125
308,R-1,R-1 Low Density Residential,R-1,R-1 Low Density Residential,R-1 Zoning Code is,available online,http://ecode360.com/8679530, , , ,12096406.2594608,42284.4280439836
309,C-2,C-2 Community Center,C-2,C-2 Community Center,C-2 Zoning Code is,available online,http://ecode360.com/8679863, , , ,65729.16034658,1769.88824686931
310,C-2,C-2 Community Center,C-2,C-2 Community Center,C-2 Zoning Code is,available online,http://ecode360.com/8679863, , , ,5808.537425115,337.493907386043
311,C-2,C-2 Community Center,C-2,C-2 Community Center,C-2 Zoning Code is,available online,http://ecode360.com/8679863, , , ,17511.29395926,636.564521418472
312,M-1,Industrial,M-1,M-1 Industrial District,M-1 Zoning Code is,available online,http://ecode360.com/8681474, , , ,95922.30891179,1530.74607682388
313,R-2,R-2 Medium Density Residential,R-2,R-2 Medium Density Residential,R-2 Zoning Code is,available online,http://ecode360.com/8679602, , , ,150751.714638825,1806.39862876436
314,C-1,C-1 Neighborhood Center,C-1,C-1 Neighborhood Center,C-1 Zoning Code is,available online,http://ecode360.com/8679793, , , ,22639.788578935,659.471918345062
315,M-1,Industrial,M-1,M-1 Industrial District,M-1 Zoning Code is,available online,http://ecode360.com/8681474, , , ,87665.012490245,2446.12095379959
316,R-1,R-1 Low Density Residential,R-1,R-1 Low Density Residential,R-1 Zoning Code is,available online,http://ecode360.com/8679530, , , ,91344.91410106,1613.45851707344
317,C-2,C-2 Community Center,C-2,C-2 Community Center,C-2 Zoning Code is,available online,http://ecode360.com/8679863, , , ,97770.30684886,1760.23419075375
318,C-1,C-1 Neighborhood Center,C-1,C-1 Neighborhood Center,C-1 Zoning Code is,available online,http://ecode360.com/8679793, , , ,33575.35636304,1013.02065349793
319,C-1,C-1 Neighborhood Center,C-1,C-1 Neighborhood Center,C-1 Zoning Code is,available online,http://ecode360.com/8679793, , , ,4572.071110145,271.639301897388
320,O-S,Open Space,O-S,Open Space District,O-S Zoning Code is,available online,http://ecode360.com/8681579, , , ,136989.561372285,2330.95979140836
321,Ridgeway URD,URD Urban Renewal District,Ridgeway URD,Ridgeway Urban Renewal District,Ridgeway URD Zoning Code is,available online,http://ecode360.com/8681722, , , ,368258.05169835,2809.71839754245
322,O-S,Open Space,O-S,Open Space District,O-S Zoning Code is,available online,http://ecode360.com/8681579, , , ,67389.627301985,1039.21005138152
323,O-S,Open Space,O-S,Open Space District,O-S Zoning Code is,available online,http://ecode360.com/8681579, , , ,14045.03123991,476.058431744397
324,Dewey Driving Park URD-N,URD Urban Renewal District,Dewey Driving Park URD-N,Dewey-Driving Park Urban Renewal District North,Dewey Driving Park URD-N Zoning Code is,available online,http://ecode360.com/8681722, , , ,20661.371728795,609.571922727116
325,Dewey Driving Park URD-S,URD Urban Renewal District,Dewey Driving Park URD-S,Dewey-Driving Park Urban Renewal District South,Dewey Driving Park URD-S Zoning Code is,available online,http://ecode360.com/8681722, , , ,92100.771992415,1954.49317983439
326,C-1,C-1 Neighborhood Center,C-1,C-1 Neighborhood Center,C-1 Zoning Code is,available online,http://ecode360.com/8679793, , , ,26084.155497725,861.643350339711
327,O-S,Open Space,O-S,Open Space District,O-S Zoning Code is,available online,http://ecode360.com/8681579, , , ,259209.46064596,2690.7294977881
328,O-S,Open Space,O-S,Open Space District,O-S Zoning Code is,available online,http://ecode360.com/8681579, , , ,26732.039009685,927.033971034712
329,M-1,Industrial,M-1,M-1 Industrial District,M-1 Zoning Code is,available online,http://ecode360.com/8681474, , , ,164668.639049175,3261.05937455385
330,R-2,R-2 Medium Density Residential,R-2,R-2 Medium Density Residential,R-2 Zoning Code is,available online,http://ecode360.com/8679602, , , ,108969.952588365,3061.03245399277
331,O-S,Open Space,O-S,Open Space District,O-S Zoning Code is,available online,http://ecode360.com/8681579, , , ,63016.269925755,1018.64586726916
332,PD #2,Planned Development District,PD #2,PD Planned Development District #2 Upstate Farms Cooperative,PD #2 Zoning Code is,available online,https://ecode360.com/33553192, , , ,38716.690578795,848.618375802469
333,C-3,C-3 Regional Destination Center,C-3,C-3 Regional Destination Center,C-3 Zoning Code is,available online,http://ecode360.com/8679969, , , ,13952.87156446,638.513286449714
334,C-2,C-2 Community Center,C-2,C-2 Community Center,C-2 Zoning Code is,available online,http://ecode360.com/8679863, , , ,391033.01833358,5582.69656008209
335,M-1,Industrial,M-1,M-1 Industrial District,M-1 Zoning Code is,available online,http://ecode360.com/8681474, , , ,6565787.87441244,40151.4358773003
336,R-3,R-3 High-Density Residential,R-3,R-3 High Density Residential,R-3 Zoning Code is,available online,http://ecode360.com/8679692, , , ,121412.973338565,2793.26975247872
337,C-2,C-2 Community Center,C-2,C-2 Community Center,C-2 Zoning Code is,available online,http://ecode360.com/8679863, , , ,307046.91628779,3338.3454884956
338,R-3,R-3 High-Density Residential,R-3,R-3 High Density Residential,R-3 Zoning Code is,available online,http://ecode360.com/8679692, , , ,299531.830833095,4984.20543472523
339,PD #12,Planned Development District,PD #12,PD Planned Development District #12 Eastman Business Park,PD #12 Zoning Code is,available online,https://ecode360.com/33554132, , , ,1433837.26824973,6885.03479320773
340,R-1,R-1 Low Density Residential,R-1,R-1 Low Density Residential,R-1 Zoning Code is,available online,http://ecode360.com/8679530, , , ,509250.470471485,5980.63364589885
341,R-2,R-2 Medium Density Residential,R-2,R-2 Medium Density Residential,R-2 Zoning Code is,available online,http://ecode360.com/8679602, , , ,27847.57915288,892.289853732283
342,C-2,C-2 Community Center,C-2,C-2 Community Center,C-2 Zoning Code is,available online,http://ecode360.com/8679863, , , ,209315.91658039,4792.02425891925
343,C-1,C-1 Neighborhood Center,C-1,C-1 Neighborhood Center,C-1 Zoning Code is,available online,http://ecode360.com/8679793, , , ,80375.59539609,2061.24787224098
344,La Marketa URD,URD Urban Renewal District,La Marketa URD,La Marketa North Clinton Avenue Urban Renewal District,La Marketa URD Zoning Code is,available online,http://ecode360.com/8681722, , , ,16559.185994985,519.090002124013
345,C-1,C-1 Neighborhood Center,C-1,C-1 Neighborhood Center,C-1 Zoning Code is,available online,http://ecode360.com/8679793, , , ,8564.06065689,412.949577225992
346,M-1,Industrial,M-1,M-1 Industrial District,M-1 Zoning Code is,available online,http://ecode360.com/8681474, , , ,334711.88081552,3010.38540411276
347,C-1,C-1 Neighborhood Center,C-1,C-1 Neighborhood Center,C-1 Zoning Code is,available online,http://ecode360.com/8679793, , , ,129819.69084866,1948.84192629314
348,T-P,Parking,T-P,T-P Transitional Parking District,T-P Zoning Code is,available online,http://ecode360.com/documents/RO0104/RO0104-120a%20Appendix%201.pdf, , , ,49263.158343255,917.764496210949
349,C-1,C-1 Neighborhood Center,C-1,C-1 Neighborhood Center,C-1 Zoning Code is,available online,http://ecode360.com/8679793, , , ,7017.030546235,366.632949695705
350,O-S,Open Space,O-S,Open Space District,O-S Zoning Code is,available online,http://ecode360.com/8681579, , , ,12358.56796267,606.395578103209
351,C-1,C-1 Neighborhood Center,C-1,C-1 Neighborhood Center,C-1 Zoning Code is,available online,http://ecode360.com/8679793, , , ,8611.410049165,408.642445855354
352,C-2,C-2 Community Center,C-2,C-2 Community Center,C-2 Zoning Code is,available online,http://ecode360.com/8679863, , , ,85887.509715645,1834.62485718828
353,O-S,Open Space,O-S,Open Space District,O-S Zoning Code is,available online,http://ecode360.com/8681579, , , ,16733.14428376,623.793388854445
354,O-S,Open Space,O-S,Open Space District,O-S Zoning Code is,available online,http://ecode360.com/8681579, , , ,23452.357146495,879.292381689281
355,O-S,Open Space,O-S,Open Space District,O-S Zoning Code is,available online,http://ecode360.com/8681579, , , ,905383.17257122,6701.0869906117
356,C-1,C-1 Neighborhood Center,C-1,C-1 Neighborhood Center,C-1 Zoning Code is,available online,http://ecode360.com/8679793, , , ,33020.10608634,1088.97962301518
357,IPD School for the Deaf,Planned Development District,IPD School for the Deaf,Institutional Planned Development - Rochester School for the Deaf,IPD Zoning Code is not available online.  Please contact the,Bureau of Planning and Zoning,http://www.cityofrochester.gov/planningandzoning/, , , ,74072.551136155,1708.3539541757
358,C-1,C-1 Neighborhood Center,C-1,C-1 Neighborhood Center,C-1 Zoning Code is,available online,http://ecode360.com/8679793, , , ,22809.292451365,865.600589092667
359,C-1,C-1 Neighborhood Center,C-1,C-1 Neighborhood Center,C-1 Zoning Code is,available online,http://ecode360.com/8679793, , , ,68535.022334805,1589.72894116896
360,O-S,Open Space,O-S,Open Space District,O-S Zoning Code is,available online,http://ecode360.com/8681579, , , ,9828678.66403958,38409.668699293
361,R-1,R-1 Low Density Residential,R-1,R-1 Low Density Residential,R-1 Zoning Code is,available online,http://ecode360.com/8679530, , , ,11073801.0593224,47174.9691705421
362,O-S,Open Space,O-S,Open Space District,O-S Zoning Code is,available online,http://ecode360.com/8681579, , , ,2001.35387555,179.584358114071
363,R-1,R-1 Low Density Residential,R-1,R-1 Low Density Residential,R-1 Zoning Code is,available online,http://ecode360.com/8679530, , , ,787247.588470155,5341.0401446074
364,O-S,Open Space,O-S,Open Space District,O-S Zoning Code is,available online,http://ecode360.com/8681579, , , ,21222.0239239,588.647008551877
365,O-S,Open Space,O-S,Open Space District,O-S Zoning Code is,available online,http://ecode360.com/8681579, , , ,11482.31133729,495.35009083105
366,C-1,C-1 Neighborhood Center,C-1,C-1 Neighborhood Center,C-1 Zoning Code is,available online,http://ecode360.com/8679793, , , ,20466.500147415,751.964266998511
367,O-S,Open Space,O-S,Open Space District,O-S Zoning Code is,available online,http://ecode360.com/8681579, , , ,37242.133484675,917.586071186643
368,O-S,Open Space,O-S,Open Space District,O-S Zoning Code is,available online,http://ecode360.com/8681579, , , ,4593.8527398,309.694706731028
369,O-S,Open Space,O-S,Open Space District,O-S Zoning Code is,available online,http://ecode360.com/8681579, , , ,4679.483930605,282.877863551466
370,R-1,R-1 Low Density Residential,R-1,R-1 Low Density Residential,R-1 Zoning Code is,available online,http://ecode360.com/8679530, , , ,0.23987556,46.8915414291357
371,C-2,C-2 Community Center,C-2,C-2 Community Center,C-2 Zoning Code is,available online,http://ecode360.com/8679863, , , ,0.061196285,6.98518621312198
372,C-2,C-2 Community Center,C-2,C-2 Community Center,C-2 Zoning Code is,available online,http://ecode360.com/8679863, , , ,65090.768322535,1702.15986838651
373,PD #15,Planned Development District,PD #15,PD Planned Development District #15 Culver Road Armory,PD #15 Zoning Code is,available online,https://ecode360.com/33554304, , , ,90612.220805795,1520.13869116026
374,C-1,C-1 Neighborhood Center,C-1,C-1 Neighborhood Center,C-1 Zoning Code is,available online,http://ecode360.com/8679793, , , ,16310.83099451,750.4433744651
375,C-1,C-1 Neighborhood Center,C-1,C-1 Neighborhood Center,C-1 Zoning Code is,available online,http://ecode360.com/8679793, , , ,4394.24173812,295.129987033801
376,CCD-G,CCD Center City District,CCD-G,CCD-G Center City Grove Place District,CCD-G Zoning Code is,available online,http://ecode360.com/8680618, , , ,20690.01047568,851.660665140516
377,CCD-GR,CCD Center City District,CCD-GR,CCD-GR Grove Place R-Residential,CCD-GR Zoning Code is,available online,http://ecode360.com/8680618, , , ,63546.06646275,1313.8169488464
378,Midtown URD/CCD-M,URD Urban Renewal District,Midtown URD/CCD-M,Midtown Urban Renewal District/CCD-M Center City Main Street District,Midtown URD Zoning Code is,available online,http://ecode360.com/8681722,CCD-M Zoning Code is,available online,http://ecode360.com/8680426,23988.13962327,776.859301071676
379,Brooks Landing URD/C-1,URD Urban Renewal District,Brooks Landing URD/C-1,Brooks Landing Urban Renewal District/C-1 Neighborhood Center,Brooks Landing URD Zoning Code is,available online,http://ecode360.com/8681722,C-1 Zoning Code is,available online,http://ecode360.com/8679793,32285.408113465,836.757244336226
380,Brooks Landing URD/O-S,URD Urban Renewal District,Brooks Landing URD/O-S,Brooks Landing Urban Renewal District/O-S Open Space,Brooks Landing URD Zoning Code is,available online,http://ecode360.com/8681722,O-S Zoning Code is,available online,http://ecode360.com/8681579,7269.040251315,837.602376723329
381,Cascade URD/CCD-M,URD Urban Renewal District,Cascade URD/CCD-M,Cascade Area Urban Renewal District/CCD-M Center City Main Street District,Cascade URD Zoning Code is,available online,http://ecode360.com/8681722,CCD-M Zoning Code is,available online,http://ecode360.com/8680426,38013.495384135,1232.54019587999
382,Washington Square URD/CCD-R,URD Urban Renewal District,Washington Square URD/CCD-R,Washington Square Urban Renewal District/CCD-R Center City Riverfront,Washington Square URD Zoning Code is,available online,http://ecode360.com/8681722,CCD-R Zoning Code is,available online,http://ecode360.com/8680229,26685.57396971,763.455443041397
383,Genesee Crossroads S URD/CCD-R,URD Urban Renewal District,Genesee Crossroads S URD/CCD-R,Genesee Crossroads South Urban Renewal District/CCD-R Center City Riverfront,Genesee Crossroads S URD Zoning Code is,available online,http://ecode360.com/8681722,CCD-R Zoning Code is,available online,http://ecode360.com/8680229,43504.434230505,874.308982366768
384,Genesee Crossroads S URD/CCD-M,URD Urban Renewal District,Genesee Crossroads S URD/CCD-M,Genesee Crossroads South Urban Renewal District/CCD-M Center City Main Street District,Genesee Crossroads S URD Zoning Code is,available online,http://ecode360.com/8681722,CCD-M Zoning Code is,available online,http://ecode360.com/8680426,14105.158366375,517.795286883659
385,R-1,R-1 Low Density Residential,R-1,R-1 Low Density Residential,R-1 Zoning Code is,available online,http://ecode360.com/8679530, , , ,377709.628204495,4191.00814152845
386,R-2,R-2 Medium Density Residential,R-2,R-2 Medium Density Residential,R-2 Zoning Code is,available online,http://ecode360.com/8679602, , , ,145589.6556096,1999.0554377171
387,O-S,Open Space,O-S,Open Space District,O-S Zoning Code is,available online,http://ecode360.com/8681579, , , ,43340.465154045,938.259845093535
388,PD#16,Planned Development District,PD#16,PD Planned Development District #16 Century - Strathallen,PD#16 Zoning Code is,available online,https://ecode360.com/33554347, , , ,39159.31383936,1186.03372452589
389,R-3,R-3 High-Density Residential,R-3,R-3 High Density Residential,R-3 Zoning Code is,available online,http://ecode360.com/8679692, , , ,0.00596555,1.86510757111925
390,Marketview Heights URD/M-1,URD Urban Renewal District,Marketview Heights URD/M-1,Marketview Heights Urban Renewal District / M-1 Industrial District,Marketview Heights URD Zoning Code is,available online,http://ecode360.com/8681722,M-1 Zoning Code is,available online,http://ecode360.com/8681474,21493.301199515,1035.60133578028
391,Marketview Heights URD/M-1,URD Urban Renewal District,Marketview Heights URD/M-1,Marketview Heights Urban Renewal District / M-1 Industrial District,Marketview Heights URD Zoning Code is,available online,http://ecode360.com/8681722,M-1 Zoning Code is,available online,http://ecode360.com/8681474,2071.21828776,212.115304279951
392,R-2,R-2 Medium Density Residential,R-2,R-2 Medium Density Residential,R-2 Zoning Code is,available online,http://ecode360.com/8679602, , , ,315026.720162605,3696.31382339176
393,O-S,Open Space,O-S,Open Space District,O-S Zoning Code is,available online,http://ecode360.com/8681579, , , ,5510.864121685,355.088946137505
394,C-2,C-2 Community Center,C-2,C-2 Community Center,C-2 Zoning Code is,available online,http://ecode360.com/8679863, , , ,1360.17810299,156.878575287241
395,Marketview Heights URD/C-2,URD Urban Renewal District,Marketview Heights URD/C-2,Marketview Heights Urban Renewal District / C-2 Community Center District,Marketview Heights URD Zoning Code is,available online,http://ecode360.com/8681723,C-2 Zoning Code is,available online,http://ecode360.com/8679863,57522.11323213,1268.47071770006
396,C-2,C-2 Community Center,C-2,C-2 Community Center,C-2 Zoning Code is,available online,http://ecode360.com/8679863, , , ,1764.93629791,172.214098562072
397,R-2,R-2 Medium Density Residential,R-2,R-2 Medium Density Residential,R-2 Zoning Code is,available online,http://ecode360.com/8679602, , , ,87495.12406106,1645.36814173544
398,Marketview Heights URD/CCD-M,URD Urban Renewal District,Marketview Heights URD/CCD-M,Marketview Heights Urban Renewal District / CCD-M Center City Main Street District,Marketview Heights URD Zoning Code is,available online,http://ecode360.com/8681723,CCD-M Zoning Code is,available online,http://ecode360.com/8680426,14602.686535495,540.086777370969
399,R-3,R-3 High-Density Residential,R-3,R-3 High Density Residential,R-3 Zoning Code is,available online,http://ecode360.com/8679692, , , ,18259.343325785,546.469042797256
400,R-3,R-3 High-Density Residential,R-3,R-3 High Density Residential,R-3 Zoning Code is,available online,http://ecode360.com/8679692, , , ,27808.014650915,892.276931213302
401,R-1,R-1 Low Density Residential,R-1,R-1 Low Density Residential,R-1 Zoning Code is,available online,http://ecode360.com/8679530, , , ,174823.957696795,2444.72861374295
402,C-2,C-2 Community Center,C-2,C-2 Community Center,C-2 Zoning Code is,available online,http://ecode360.com/8679863, , , ,5522.581713805,316.273353028287
403,PD #19,Planned Development District,PD #19,PD Planned Development District #19 Education Success Campus,PD #19 Zoning Code is,available online,https://ecode360.com/33554492, , , ,49194.35208068,948.197336064131
404,PD #18,Planned Development District,PD #18,PD Planned Development District #18 1201 Elmwood Ave,PD #18 Zoning Code is,available online,https://ecode360.com/33554430, , , ,142799.824127455,1931.80186320792
405,M-1,Industrial,M-1,M-1 Industrial District,M-1 Zoning Code is,available online,http://ecode360.com/8681474, , , ,125472.586005685,2594.66091690791
406,C-2,C-2 Community Center,C-2,C-2 Community Center,C-2 Zoning Code is,available online,http://ecode360.com/8679863, , , ,5928.3924298,323.546903721335
407,R-3,R-3 High-Density Residential,R-3,R-3 High Density Residential,R-3 Zoning Code is,available online,http://ecode360.com/8679692, , , ,80125.050255855,1504.41595186518
408,R-2,R-2 Medium Density Residential,R-2,R-2 Medium Density Residential,R-2 Zoning Code is,available online,http://ecode360.com/8679602, , , ,63902.39494683,1209.00226444843
409,R-3,R-3 High-Density Residential,R-3,R-3 High Density Residential,R-3 Zoning Code is,available online,http://ecode360.com/8679692, , , ,7501.51279897,426.928261059345
410,PD #20,Planned Development District,PD #20,PD Planned Development District #20  Pediatric and Family Service,PD #20 Zoning Code is,available online,https://ecode360.com/33803030, , , ,119288.56190528,1697.5807690983
411,R-3,R-3 High-Density Residential,R-3,R-3 High Density Residential,R-3 Zoning Code is,available online,http://ecode360.com/8679692, , , ,42175.54636112,1109.98130744634
412,R-3,R-3 High-Density Residential,R-3,R-3 High Density Residential,R-3 Zoning Code is,available online,http://ecode360.com/8679692, , , ,12225.70780758,659.151462994176
413,M-1,Industrial,M-1,M-1 Industrial District,M-1 Zoning Code is,available online,http://ecode360.com/8681474, , , ,55926.820837475,1696.57776537651
414,R-2,R-2 Medium Density Residential,R-2,R-2 Medium Density Residential,R-2 Zoning Code is,available online,http://ecode360.com/8679602, , , ,18198.851679525,651.275068449354
415,R-1,R-1 Low Density Residential,R-1,R-1 Low Density Residential,R-1 Zoning Code is,available online,http://ecode360.com/8679530, , , ,2315.452364965,195.25939365407
416,R-1,R-1 Low Density Residential,R-1,R-1 Low Density Residential,R-1 Zoning Code is,available online,http://ecode360.com/8679530, , , ,1516.406046085,213.699612734547
417,R-1,R-1 Low Density Residential,R-1,R-1 Low Density Residential,R-1 Zoning Code is,available online,http://ecode360.com/8679530, , , ,24549.4505973,736.958754436591
418,R-2,R-2 Medium Density Residential,R-2,R-2 Medium Density Residential,R-2 Zoning Code is,available online,http://ecode360.com/8679602, , , ,13817.693088545,671.750911861418
419,R-2,R-2 Medium Density Residential,R-2,R-2 Medium Density Residential,R-2 Zoning Code is,available online,http://ecode360.com/8679602, , , ,19735.794394435,920.425558424357
420,R-3,R-3 High-Density Residential,R-3,R-3 High Density Residential,R-3 Zoning Code is,available online,http://ecode360.com/8679692, , , ,20638.243286275,668.23092265294
